,ID,Group,Age.Yr,Train.Hr,Wave,Grade,X1OSPANpartialscore,X1RSPANpartialscore,X1SYMSPANpartialscore,X2OSPNpartialscore,X2RSPANpartialscore,X2SYMSPANpartialscore,X3OSPNpartialscore,X3RSPANpartialscore,X3SYMSPANpartialscore,CSTprobCount,CSTprob,X1RTaverage,X2RTaverage,X3RTaverage,X1NAI,X2NAI,X3NAI,X1PATmScale,X2PATmScale,X3PATmScale,X1PATrScale,X2PATrScale,X3PATrScale,ITIM,X1IEMmaths,X1IEMenglish,X1IEMconc.,X1IEMTotalScore,X2IEMmaths,X2IEMenglish,X2IEMconc.,X2IEMTotalScore,X1CEFI_P_AT_SS,X1CEFI_P_FX_SS,X1CEFI_P_WM_SS,X2CEFI_P_AT_SS,X2CEFI_P_FX_SS,X2CEFI_P_WM_SS,X3CEFI_P_AT_SS,X3CEFI_P_FX_SS,X3CEFI_P_WM_SS,X1CEFI_T_AT_SS,X1CEFI_T_FX_SS,X1CEFI_T_WM_SS,X2CEFI_T_AT_SS,X2CEFI_T_FX_SS,X2CEFI_T_WM_SS,X3CEFI_T_AT_SS,X3CEFI_T_FX_SS,X3CEFI_T_WM_SS
1,101,Exp.,10.94,10.7,A,5,0.48,0.88,0.857142857,0.92,0.8,0.785714286,0.84,0.72,0.642857143,0,0,334.25,308.1886792,337.9333333,110,117,121,144.6,144.6,153.9,137.9,151.2,148.3,31,4,0,2,6,4,2,4,10,107,106,118,110,98,100,106,118,101,81,100,97,89,80,100,73,80,78
2,102,Exp.,10.94,10.3,A,5,0.52,0.44,0.785714286,0.48,0.6,0.285714286,0.56,0.6,0.571428571,0,0,383.8983051,417.4754098,426.0806452,120,112,132,138.6,134.8,143.5,151.2,151.2,140.9,26,4,4,5,13,4,5,5,14,87,77,97,95,112,90,89,91,92,NA,NA,NA,NA,NA,NA,NA,NA,NA
3,103,Exp.,9.31,10.7,A,3,0.44,0.24,NA,0.36,0.36,0.071428571,0.44,0.56,0.571428571,1,1,534.0895522,506.4126984,410.59375,108,104,106,122.8,125.6,136.2,107.8,116.6,122.8,30,5,4,6,15,6,6,6,18,86,80,95,111,103,112,105,130,127,NA,NA,NA,NA,NA,NA,NA,NA,NA
4,104,Exp.,8.54,10.7,A,3,0.68,NA,0.5,0.64,0.96,0.642857143,0.88,0.76,0.714285714,1,1,475.5217391,503.2647059,404.5846154,122,113,131,135.2,131.6,144.9,130.6,134.2,121.3,19,3,0,5,8,4,5,2,11,116,100,121,102,92,100,120,98,97,NA,NA,NA,NA,NA,NA,NA,NA,NA
5,105,Exp.,10.75,10,A,5,0.24,0.52,NA,0.92,0.68,0.714285714,0.72,0.68,0.785714286,1,1,331.8787879,303.0655738,366.5932203,111,112,113,136,133.6,141.9,137.9,146.5,138.9,23,4,3,2,9,2,4,3,9,101,86,90,96,100,95,93,91,92,99,94,103,89,73,95,NA,NA,NA
8,108,Exp.,11.14,9.3,A,5,0.8,0.8,0.357142857,0.64,0.8,0.857142857,0.64,0.84,0.714285714,0,0,371.5873016,349.2857143,348.8208955,114,135,123,146.3,153.2,145.1,133.8,133.8,132.1,32,4,4,5,13,4,3,5,12,95,86,94,101,89,95,100,91,99,128,122,119,124,126,122,121,99,128
9,109,Exp.,8.63,10.7,A,3,NA,NA,0.571428571,NA,NA,NA,NA,0.04,NA,7,1,362.9393939,414.2,370.2238806,109,111,105,118.8,121.5,127.3,109.5,127.6,125.9,30,6,5,6,17,2,4,5,11,108,103,124,107,92,104,111,103,100,94,81,94,100,98,103,95,84,108
10,110,Exp.,11.26,10.3,A,5,0.4,0.2,0.5,0.2,0.2,0.785714286,0.28,0.72,0.428571429,0,0,356.0144928,378.8428571,333.3188406,121,130,135,141.4,150.6,161.7,130.4,146.5,137.1,28,4,2,5,11,0,4,3,7,111,100,100,107,100,92,102,91,92,NA,NA,NA,NA,NA,NA,NA,NA,NA
11,111,Exp.,8.78,10.3,A,3,NA,0.08,0.214285714,0.24,NA,0.285714286,NA,NA,NA,5,1,369.6268657,410.453125,399.137931,111,114,103,120.2,128.5,119.6,120.5,122.6,133.3,30,5,3,4,12,4,2,4,10,87,86,90,95,98,99,90,98,104,NA,NA,NA,NA,NA,NA,NA,NA,NA
12,112,Exp.,8.68,10,A,3,0.28,0.36,0.5,NA,0.52,0.285714286,0.68,0.56,0.642857143,1,1,373.1971831,426.942029,392.0147059,101,87,101,116.1,114.8,119.6,113,120.5,124.3,25,4,0,4,8,4,0,5,9,92,77,95,84,77,88,104,92,99,NA,NA,NA,NA,NA,NA,NA,NA,NA
13,113,Exp.,10.88,10.7,A,5,0.6,1,0.642857143,1,0.72,0.642857143,0.92,0.96,1,0,0,354.5625,382.1694915,322.3770492,112,110,137,136,134.8,141.9,135.8,133.8,135.4,28,4,2,5,11,0,0,6,6,84,89,97,105,103,110,106,102,110,NA,NA,NA,NA,NA,NA,NA,NA,NA
14,114,Exp.,8.84,10.3,A,3,0.16,0.28,0.357142857,NA,0.6,0.642857143,0.44,0.6,0.642857143,1,1,391.203125,400.4153846,338.4313725,98,108,129,102.5,117.5,105.3,111.2,106.1,141.9,15,4,4,0,8,3,4,0,7,86,80,82,87,89,84,93,86,82,76,84,79,84,100,92,84,91,80
15,115,Exp.,8.49,10.7,A,3,0.12,0.16,0.214285714,0.28,0.36,0.642857143,NA,0.52,0.785714286,1,1,451.1071429,448.530303,414.4264706,103,127,121,122.8,114.8,122.2,125,127.6,138.5,27,3,0,6,9,5,6,6,17,104,109,108,104,103,104,108,109,112,93,87,98,99,94,100,95,122,111
16,116,Ctrl,9.1,10,A,3,0.8,0.68,0.5,0.64,0.84,0.642857143,0.72,0.68,0.785714286,0,0,395.9038462,426.6140351,389.46875,109,107,117,121.5,128.5,131.4,113,120.5,129.3,27,5,4,6,15,4,3,6,13,98,95,86,95,92,90,93,103,104,124,131,131,89,111,100,NA,NA,NA
17,117,Ctrl,10.34,10,A,5,0.56,0.68,0.642857143,NA,NA,NA,NA,0.92,0.714285714,4,1,318.171429,326.9375,328.5441176,114,117,115,136,141.4,151.2,137.9,143.1,140.9,36,0,3,5,8,0,4,4,8,89,109,72,86,109,84,78,106,68,NA,NA,NA,NA,NA,NA,NA,NA,NA
18,118,Ctrl,10.88,10.3,A,5,0.92,0.8,0.928571429,0.84,0.8,0.928571429,0.52,0.88,1,0,0,424.264706,391.3728814,376.1617647,118,117,121,134.8,138.6,137.8,143.1,143.1,145.5,31,5,5,6,16,5,6,6,17,84,80,79,90,86,88,95,88,95,NA,NA,NA,NA,NA,NA,NA,NA,NA
19,119,Ctrl,10.68,10.3,A,5,0.68,0.52,0.857142857,0.68,0.68,0.857142857,0.6,0.6,1,0,0,338.942029,365.6619718,353.5416667,113,120,145,142.9,142.9,146.9,143.1,140.3,138.9,23,0,4,4,8,0,5,4,9,120,100,119,104,103,104,119,115,114,125,122,129,113,122,106,123,122,126
20,120,Ctrl,11.24,10.3,A,5,NA,0.64,0.928571429,NA,NA,0.928571429,NA,0.8,0.785714286,4,1,386.796875,422.2,402.7192982,102,106,99,133.6,133.6,136.6,127.3,133.8,132.1,11,0,3,0,3,0,3,2,5,101,86,110,104,95,99,89,91,86,79,89,79,86,94,82,90,94,89
21,121,Ctrl,11.08,10.3,A,5,1,0.92,0.642857143,0.92,1,0.928571429,0.92,0.6,0.571428571,0,0,335.2428571,449.1052632,334.9264706,100,105,96,127.8,126.7,135.3,133.8,143.1,133.7,30,4,4,5,13,3,4,3,10,101,100,94,101,103,95,97,88,90,NA,NA,NA,NA,NA,NA,NA,NA,NA
22,122,Ctrl,8.97,10.3,A,3,0.52,0.6,0.5,NA,NA,0.714285714,NA,NA,NA,5,1,457.0545455,460.7719298,381.9552239,109,114,103,122.8,128.5,131.4,125,122.6,129.3,18,4,3,2,9,5,4,5,14,117,121,116,78,92,88,117,124,116,NA,NA,NA,NA,NA,NA,NA,NA,NA
23,124,Ctrl,10.79,10.3,A,5,0.32,0.68,0.785714286,0.76,0.8,0.785714286,NA,0.6,0.714285714,1,1,341.1052632,400.4210526,371.3728814,108,106,97,126.7,123.1,123.7,132.1,133.8,130.6,27,0,3,3,6,3,5,4,12,90,83,79,92,89,94,NA,NA,NA,86,77,86,78,91,83,74,84,77
24,125,Ctrl,8.15,10.7,A,3,0.6,NA,0.357142857,0.84,NA,0.5,0.84,0.72,0.428571429,2,1,452.4761905,490.537037,421.2786885,125,140,139,127,135.2,134.5,134.2,134.2,133.3,29,0,3,2,5,0,3,0,3,87,86,82,89,92,90,92,89,95,128,122,123,129,138,123,111,122,95
25,126,Ctrl,11.16,10.3,A,5,0.68,0.68,0.928571429,0.8,0.88,0.642857143,0.72,0.68,0.785714286,0,0,314.6615385,363.4375,319.0980392,100,109,107,130.1,137.3,141.9,127.3,135.8,148.3,32,5,3,5,13,5,3,6,14,84,92,80,102,103,102,105,108,99,NA,NA,NA,NA,NA,NA,NA,NA,NA
26,127,Ctrl,9.08,10,A,3,0.28,0.28,0.357142857,0.4,0.32,NA,0.32,NA,0.285714286,2,1,422.6911765,425.516129,325.0909091,112,101,109,122.8,124.2,136.2,125,113,125.9,21,5,0,4,9,6,4,5,15,101,83,94,104,95,94,116,109,112,93,80,85,99,89,97,81,80,74
27,128,Ctrl,10.89,9.7,A,5,0.32,0.72,0.571428571,0.76,0.76,NA,0.8,0.76,0.714285714,1,1,325.859375,357.0754717,334.5454545,137,125,121,150.6,153.2,161.7,140.3,135.8,156.4,17,5,6,5,16,4,6,6,16,129,130,126,123,130,124,123,113,108,125,124,126,128,118,129,117,121,109
28,129,Ctrl,9.64,10.7,A,3,0.76,0.48,0.642857143,NA,NA,0.857142857,0.8,0.72,0.428571429,2,1,452.4861111,398.761194,401.7142857,137,97,131,125.6,127,142.2,125,120.5,133.3,30,4,5,5,14,4,4,5,13,135,103,108,102,89,99,117,112,108,NA,NA,NA,NA,NA,NA,NA,NA,NA
29,130,Ctrl,9.15,10.3,A,3,NA,0.68,0.714285714,NA,0.88,0.857142857,0.72,0.84,0.571428571,2,1,407.9857143,433.952381,378.4558824,107,112,107,142.4,130,136.2,127.6,127.6,146.4,33,0,4,2,6,0,3,5,8,98,100,112,116,103,112,87,89,95,98,111,106,112,129,119,113,122,114
30,201,Exp.,11.25,9.3,B,5,0.76,NA,0.642857143,0.68,0.56,0.928571429,0.96,0.72,NA,2,1,305.7540984,397.5384615,397.3809524,127,135,123,137.3,144.6,139.1,120.2,132.1,143,25,5,0,4,9,4,2,0,6,81,95,99,107,118,106,102,110,97,86,98,86,99,108,89,95,89,92
31,202,Exp.,11.14,10.3,B,5,0.6,0.84,0.928571429,1,0.8,1,0.52,0.92,1,0,0,410.5365854,293.1666667,332.047619,147,158,143,136,144.6,146.9,132.1,137.9,130.6,32,2,3,5,10,2,3,5,10,89,98,84,98,106,99,99,110,90,87,94,92,101,105,91,64,80,69
32,203,Exp.,10.64,10.7,B,5,0.56,0.68,0.785714286,0.48,0.8,0.5,0.72,0.8,0.571428571,0,0,395.4788732,539.6034483,354.1967213,120,125,126,150.6,153.2,140.5,137.9,140.3,145.5,36,1,1,3,5,2,1,3,6,95,92,94,86,89,92,101,86,95,101,118,114,113,122,114,106,122,111
33,204,Exp.,10.55,10.3,B,5,0.72,0.52,0.571428571,0.8,0.76,0.785714286,0.72,0.6,0.714285714,0,0,351,486.25,367.9354839,118,121,129,134.8,130.1,143.5,137.9,135.8,143,34,4,4,6,14,5,4,6,15,104,115,110,99,106,99,104,118,108,77,98,76,93,120,95,75,94,83
34,205,Exp.,11.47,10.3,B,5,0.28,0.68,0.785714286,0.6,0.72,0.928571429,0.92,0.8,0.857142857,0,0,287.4482759,331.9571429,313.3538462,121,120,130,144.6,142.9,151.2,133.8,146.5,163.9,32,3,0,6,9,6,5,6,17,110,89,95,110,92,102,110,108,103,100,122,94,113,111,112,115,117,121
35,206,Exp.,9.22,9.7,B,3,0.64,0.44,0.571428571,0.8,0.52,0.857142857,0.6,0.44,0.714285714,0,0,393.7058824,373.3692308,361,118,120,123,137.3,139.6,132.9,139.1,146.8,138.5,29,4,3,5,12,3,3,4,10,114,92,95,NA,NA,NA,NA,NA,NA,NA,NA,NA,NA,NA,NA,NA,NA,NA
36,207,Exp.,9.38,10.7,B,3,0.32,0.4,0.357142857,NA,0.24,0.357142857,NA,0.24,0.5,2,1,387.2575758,385.4590164,403.109375,81,82,95,116.1,110.4,114.1,113,102,122.8,19,5,4,0,9,4,0,6,10,81,77,84,93,89,99,NA,NA,NA,81,77,86,76,87,67,86,89,86
37,208,Exp.,10.81,10.7,B,5,0.88,NA,0.857142857,1,0.4,0.714285714,0.84,0.88,0.642857143,1,1,363.1764706,366.6363636,357.6666667,110,106,117,144.6,148.3,146.9,143.1,140.3,135.4,22,2,2,2,6,1,3,1,5,87,77,75,93,86,94,98,100,95,NA,NA,NA,NA,NA,NA,NA,NA,NA
38,209,Exp.,9.34,10,B,3,NA,0.32,0.285714286,NA,NA,0.714285714,0.68,0.88,1,3,1,361.6,503.4032258,388.7118644,106,110,114,120.2,125.6,131.4,116.6,120.5,119.9,28,4,0,5,9,0,2,0,2,78,112,86,89,92,90,NA,NA,NA,114,100,114,100,91,98,100,81,89
39,211,Exp.,10.96,9.3,B,5,0.64,0.88,0.5,0.56,0.8,0.642857143,0.84,0.92,0.642857143,0,0,361.1492537,379.6666667,351.1290323,106,114,102,123.1,140,139.1,133.8,128.8,126.3,36,4,3,4,11,4,3,5,12,107,89,106,110,98,114,113,116,105,119,115,119,118,105,122,107,101,95
40,212,Exp.,11.31,10.3,B,5,0.36,0.6,0.285714286,0.48,0.76,0.785714286,0.64,0.68,0.714285714,0,0,352.5230769,348.1886792,322.761194,124,135,159,153.2,156.5,161.7,146.5,158.7,148.3,24,3,0,4,7,2,0,1,3,120,103,129,119,118,119,117,116,127,NA,NA,NA,NA,NA,NA,NA,NA,NA
41,213,Exp.,11.22,10,B,5,0.68,0.68,0.714285714,0.8,0.68,0.857142857,0.52,NA,0.785714286,1,1,327.8571429,345.0793651,363.0892857,96,98,96,121.9,133.6,131.8,130.4,127.3,132.1,36,0,4,5,9,3,0,5,8,110,103,114,111,106,118,112,100,114,NA,NA,NA,NA,NA,NA,NA,NA,NA
42,214,Exp.,11.18,10.7,B,5,0.76,0.72,NA,0.72,0.96,0.428571429,0.84,0.76,0.642857143,1,1,353.0192308,419.1698113,323.7346939,117,130,112,140,144.6,140.5,146.5,146.5,145.5,31,2,4,5,11,2,3,0,5,104,95,99,107,98,102,98,103,108,NA,NA,NA,NA,NA,NA,NA,NA,NA
43,215,Exp.,10.76,10.7,B,5,NA,0.72,0.357142857,NA,0.36,0.571428571,NA,NA,0.785714286,4,1,361.0425532,353.440678,324.04,120,108,112,130.1,137.3,135.3,137.9,140.3,143,33,0,0,3,3,0,0,0,0,98,89,94,113,92,99,98,89,90,NA,NA,NA,NA,NA,NA,NA,NA,NA
44,216,Ctrl,11,10,B,5,0.76,0.28,NA,0.72,0.64,0.428571429,NA,0.48,0.571428571,2,1,382.71875,385.6521739,340.3636364,117,121,118,131.3,134.8,139.1,123,130.4,133.7,31,6,6,6,18,6,6,4,16,89,95,95,93,92,94,93,97,97,NA,NA,NA,NA,NA,NA,NA,NA,NA
45,217,Ctrl,8.56,10.3,B,3,NA,NA,NA,0.92,0.96,0.928571429,0.96,0.92,0.785714286,3,1,326.9375,476.1166667,495.75,122,122,121,128.5,135.2,130,130.6,139.1,141.9,29,0,6,0,6,0,6,4,10,116,112,112,104,100,104,114,112,104,127,124,125,127,129,126,127,120,116
46,218,Ctrl,11.32,10.7,B,5,0.96,0.72,0.357142857,0.68,0.88,0.857142857,0.96,0.72,0.785714286,0,0,328.0882353,333.7714286,315.7692308,124,129,123,142.9,142.9,146.9,151.2,143.1,143,36,3,4,4,11,0,4,3,7,96,83,80,NA,NA,NA,NA,NA,NA,NA,NA,NA,NA,NA,NA,NA,NA,NA
48,220,Ctrl,11.41,10.7,B,5,0.68,0.6,0.428571429,0.64,0.48,0.714285714,0.72,NA,0.642857143,1,1,528.8611111,499.115942,471.3913043,94,103,98,125.5,127.8,140.5,128.8,113.2,133.7,29,0,3,3,6,0,3,0,3,93,100,106,107,100,112,117,105,105,NA,NA,NA,NA,NA,NA,NA,NA,NA
49,221,Ctrl,11.03,9.3,B,5,0.92,NA,0.571428571,1,0.76,0.857142857,1,1,0.928571429,1,1,291.0689655,312.6769231,327.4029851,121,147,137,161,161,169.1,146.5,146.5,163.9,28,0,3,3,6,0,4,3,7,110,106,95,113,115,104,100,97,101,96,134,92,98,134,103,95,115,98
50,222,Ctrl,10.74,10.7,B,5,0.92,0.92,0.928571429,0.92,0.76,1,0.88,0.8,1,0,0,356,419.3606557,412.3684211,103,125,125,146.3,150.6,141.9,128.8,143.1,133.7,28,3,5,4,12,2,2,0,4,96,95,95,107,95,108,98,103,112,113,103,106,101,89,101,90,91,98
51,223,Ctrl,11.33,10.3,B,5,0.32,0.72,0.214285714,0.28,0.6,0.428571429,0.68,0.8,0.5,0,0,382.4307692,342.3673469,347.4313725,96,99,102,127.8,126.7,139.1,132.1,133.8,140.9,31,5,6,6,17,0,5,4,9,78,86,84,98,100,88,104,110,99,102,96,98,121,126,123,93,94,92
52,224,Ctrl,10.66,10.7,B,5,0.68,0.48,NA,1,0.8,0.714285714,0.52,0.68,0.5,1,1,312.6595745,342.2790698,311.4230769,97,112,133,132.4,133.6,136.6,132.1,135.8,143,24,4,4,5,13,4,4,3,11,84,77,100,101,95,116,120,118,114,99,105,101,105,124,108,122,103,101
53,225,Ctrl,10.44,10.7,B,5,0.6,1,0.428571429,0.76,0.68,0.785714286,0.88,0.88,0.857142857,0,0,434.3623188,435.0625,347.4782609,121,142,129,142.9,150.6,141.9,135.8,140.3,156.4,27,0,2,4,6,0,3,1,4,102,100,95,89,95,99,101,118,108,123,113,114,127,124,129,112,122,116
54,226,Ctrl,8.73,10.3,B,3,0.72,0.8,0.285714286,0.88,0.84,0.714285714,0.56,0.88,0.785714286,0,0,424.6521739,431,436.6617647,122,148,119,121.5,122.8,130,107.8,111.2,121.3,21,0,4,4,8,4,5,3,12,81,80,82,81,86,95,81,89,84,NA,NA,NA,NA,NA,NA,NA,NA,NA
55,227,Ctrl,11.01,10.7,B,5,0.68,0.88,0.714285714,0.64,0.84,0.642857143,0.64,0.52,0.642857143,0,0,324.7301587,434.8358209,367.6617647,127,141,159,138.6,148.3,161.7,140.3,140.3,156.4,27,2,5,5,12,0,3,3,6,98,98,102,120,124,114,117,112,104,98,113,109,112,124,117,119,112,109
56,228,Ctrl,10.71,10.7,B,5,0.88,0.84,0.642857143,0.92,0.84,0.571428571,0.96,0.84,0.857142857,0,0,338.6,349.6290323,294.4444444,133,141,156,146.3,161,157.2,137.9,143.1,148.3,25,2,5,4,11,0,3,2,5,110,92,97,120,115,119,128,115,114,NA,NA,NA,NA,NA,NA,NA,NA,NA
57,230,Ctrl,10.74,10.3,B,5,0.92,0.84,0.857142857,0.64,NA,0.857142857,0.84,NA,0.857142857,2,1,301.9848485,320.6764706,289.3114754,109,128,133,142.9,144.6,146.9,146.5,130.4,145.5,28,1,4,2,7,0,3,4,7,96,95,94,95,100,102,96,100,100,NA,NA,NA,NA,NA,NA,NA,NA,NA
58,301,Exp.,9.25,10.3,C,3,0.4,0.6,0.642857143,0.56,0.48,0.428571429,0.6,0.8,0.785714286,0,0,419.8387097,514.2033898,409.7307692,127,159,159,130,145.7,170,146.8,130.6,141.9,16,2,2,5,9,4,3,5,12,116,98,94,116,103,99,119,112,108,NA,NA,NA,NA,NA,NA,NA,NA,NA
59,303,Exp.,7.95,10.7,C,3,NA,0.24,NA,0.4,0.28,0.5,NA,0.48,0.5,3,1,515.4590164,474.1162791,462.8958333,104,123,124,120.2,127,138,127.6,130.6,125.9,14,4,0,5,9,0,0,0,0,78,77,90,93,98,88,87,83,82,103,122,109,NA,NA,NA,90,77,98
60,304,Exp.,8.6,9.3,C,3,0.48,0.52,0.714285714,0.68,0.84,0.642857143,0.76,0.8,0.714285714,0,0,436.1803279,519.2142857,371.7846154,111,114,113,122.8,128.5,123.5,120.5,125,125.9,26,4,4,5,13,4,3,4,11,78,83,80,89,86,92,81,86,80,NA,NA,NA,NA,NA,NA,NA,NA,NA
61,305,Exp.,10.18,10.7,C,5,0.64,0.72,NA,0.8,0.64,0.642857143,0.64,0.6,0.857142857,1,1,361.1923077,403.8666667,373.9846154,102,107,113,142.9,141.4,143.5,130.4,133.8,140.9,10,6,6,6,18,0,0,6,6,102,100,95,110,103,129,113,115,114,105,105,112,123,108,114,93,94,95
62,306,Exp.,10.59,10.3,C,5,0.52,0.76,0.642857143,0.36,0.64,NA,0.88,0.72,0.857142857,1,1,384.2686567,426.0625,364.2954545,81,99,109,134.8,137.3,137.8,132.1,137.9,140.9,23,0,0,5,5,0,0,0,0,122,100,124,122,103,124,90,80,99,98,103,106,113,120,117,83,103,86
63,307,Exp.,8.28,10,C,3,NA,NA,0.357142857,0.28,0.08,0.214285714,NA,0.52,0.214285714,3,1,422.7833333,505.0689655,422.6734694,99,98,115,114.8,111.9,117,95.5,120.5,125.9,32,4,3,6,13,4,5,3,12,105,121,102,99,121,110,119,127,97,89,81,80,107,98,95,101,87,105
64,308,Exp.,8.15,10.3,C,3,NA,0.48,0.214285714,0.4,0.6,0.642857143,NA,0.64,0.571428571,2,1,383.3333333,408.9298246,371.037037,108,133,117,131.6,131.6,148.2,114.8,134.2,124.3,15,4,3,5,12,5,2,5,12,92,89,88,92,89,97,82,83,86,102,100,101,101,103,98,111,87,108
65,309,Exp.,9.17,10.2,C,3,0.32,0.56,NA,0.4,0.56,NA,0.8,0.52,0.5,2,1,380.943662,390.1428571,348.1272727,119,117,133,127,122.8,127.3,146.8,146.8,141.9,28,5,4,6,15,5,4,3,12,75,74,82,110,109,108,79,83,84,NA,NA,NA,NA,NA,NA,NA,NA,NA
66,310,Exp.,9.06,10.5,C,3,0.88,0.56,0.428571429,0.84,NA,0.214285714,0.48,0.92,0.785714286,1,1,437.8611111,392.6551724,375.5714286,103,108,107,125.6,131.6,131.4,127.6,139.1,146.4,24,4,4,5,13,3,1,0,4,128,115,118,122,115,112,119,118,116,NA,NA,NA,NA,NA,NA,NA,NA,NA
67,311,Exp.,10.91,10.1,C,5,0.32,0.88,0.142857143,0.76,0.68,0.285714286,1,0.8,0.571428571,0,0,365,378.9701493,373.9242424,110,120,118,131.3,127.8,136.6,140.3,135.8,135.4,32,5,5,4,14,4,0,5,9,113,103,118,104,115,114,117,108,113,103,115,100,102,113,105,123,117,121
69,313,Exp.,10.29,10.7,C,5,0.52,0.76,0.428571429,0.72,0.56,0.642857143,0.52,0.6,0.428571429,0,0,522.3888889,416.5348837,448.75,97,90,121,119.3,123.1,134.1,130.4,133.8,140.9,30,3,0,3,6,1,0,0,1,108,103,95,117,112,99,76,86,82,NA,NA,NA,NA,NA,NA,NA,NA,NA
70,314,Exp.,10.64,10,C,5,0.56,0.84,NA,0.48,0.96,NA,0.72,0.96,0.785714286,2,1,421.6296296,479.2413793,399.7454545,98,102,128,137.3,136,145.1,135.8,140.3,145.5,27,0,0,4,4,0,0,5,5,102,92,86,99,86,90,96,95,94,NA,NA,NA,NA,NA,NA,NA,NA,NA
71,315,Exp.,10.26,10,C,5,NA,0.56,0.5,0.48,0.44,0.5,0.28,0.88,0.714285714,1,1,399.7884615,528.4814815,360.6521739,116,121,124,132.4,138.6,153.9,158.7,158.7,156.4,25,5,3,4,12,4,5,6,15,98,112,88,110,121,97,107,100,92,NA,NA,NA,NA,NA,NA,NA,NA,NA
72,316,Exp.,8.65,10.1,C,3,NA,0.12,0.785714286,0.04,0.28,0.285714286,0.04,0.44,0.428571429,1,1,552.829,591,436.0491803,101,93,105,111.9,120.2,130,118.5,127.6,138.5,23,0,0,6,6,4,6,3,13,84,109,68,78,83,75,86,86,82,89,98,83,84,96,85,79,84,89
73,317,Ctrl,9.11,10.7,C,3,NA,0.52,0.214285714,0.96,0.6,NA,NA,1,0.5,3,1,404.9137931,476.8636364,367.2878788,135,133,133,130,137.3,144.9,157.6,146.8,131.2,35,0,4,6,10,1,5,3,9,110,92,118,93,103,102,90,92,92,117,122,116,124,124,120,122,118,120
74,318,Ctrl,10.54,9.7,C,5,0.8,0.76,0.571428571,0.88,0.92,0.714285714,0.72,0.72,0.642857143,0,0,328.3428571,335.5964912,319.0638298,111,118,115,124.3,131.3,137.8,130.4,128.8,143,26,5,3,4,12,3,5,3,11,99,95,90,95,89,92,99,98,94,NA,NA,NA,NA,NA,NA,NA,NA,NA
75,319,Ctrl,10.69,10,C,5,0.8,0.68,0.357142857,0.88,0.84,0.714285714,0.28,0.52,NA,1,1,393.8253968,499.8064516,334.8983051,112,100,117,133.6,131.3,135.3,110.1,135.8,135.4,32,3,3,4,10,0,6,5,11,92,80,108,98,80,112,95,83,108,NA,NA,NA,NA,NA,NA,NA,NA,NA
76,320,Ctrl,10.31,9.7,C,5,0.56,NA,0.571428571,0.52,0.72,0.571428571,0.76,0.68,NA,2,1,330.1791045,373.3962264,411.2363636,103,102,112,131.3,125.5,146.9,140.3,140.3,133.7,32,2,1,5,8,3,5,0,8,78,86,92,75,77,84,87,92,99,94,98,88,86,94,85,106,108,105
77,321,Ctrl,10.43,10.3,C,5,0.88,1,0.785714286,0.84,0.88,0.571428571,1,1,0.714285714,0,0,353.0847458,377.4912281,426.74,130,121,134,140,141.4,157.2,151.2,143.1,143,22,0,4,6,10,0,4,5,9,114,103,110,120,124,106,120,103,112,108,126,116,127,115,125,94,100,106
78,322,Ctrl,11.11,10.3,C,5,0.28,0.6,0.142857143,0.72,0.56,0.642857143,0.64,0.6,NA,1,1,314.5862069,313.6885246,325.3833333,114,121,154,137.3,148.3,153.9,140.3,143.1,151.8,30,3,5,6,14,3,5,6,14,120,112,114,120,121,112,104,105,103,NA,NA,NA,NA,NA,NA,NA,NA,NA
79,323,Ctrl,8.69,10,C,3,0.32,NA,0.357142857,NA,NA,0.5,0.84,0.92,0.428571429,3,1,481.1666667,490.8269231,337.8392857,111,108,119,125.6,133.4,132.9,118.5,130.6,127.6,22,2,1,5,8,0,0,2,2,98,98,94,84,89,86,95,86,88,NA,NA,NA,NA,NA,NA,NA,NA,NA
80,324,Ctrl,8.38,10,C,3,0.12,0.84,NA,0.72,0.76,NA,0.76,0.92,0.428571429,2,1,431.0163934,405.7941176,429.2,119,115,124,133.4,145.7,136.2,127.6,134.2,141.9,19,4,4,4,12,0,4,5,9,108,112,108,105,95,104,113,109,104,101,98,112,113,113,123,84,84,74
81,325,Ctrl,8.6,10.7,C,3,0.64,0.72,0.571428571,0.92,0.8,0.642857143,0.76,0.76,0.785714286,0,0,493.2318841,405.234375,433.7868852,122,126,126,127,133.4,132.9,130.6,139.1,141.9,25,4,5,3,12,5,6,5,16,104,121,110,107,106,106,114,130,112,NA,NA,NA,NA,NA,NA,NA,NA,NA
82,326,Ctrl,10.63,10.3,C,5,1,0.84,0.928571429,0.72,0.8,0.928571429,0.8,0.96,0.928571429,0,0,347.1363636,409,378.7333333,129,132,145,136,141.4,151.2,125.8,137.9,138.9,25,0,5,6,11,0,5,4,9,93,100,84,92,95,82,107,83,77,NA,NA,NA,NA,NA,NA,NA,NA,NA
83,327,Ctrl,8.4,10,C,3,0.4,NA,NA,NA,NA,NA,0.56,0.44,0.285714286,5,1,460.3278689,387.1296296,368,109,127,113,139.6,142.4,142.2,125,139.1,131.2,18,3,5,6,14,3,5,6,14,113,92,102,99,95,100,108,92,102,106,115,105,110,108,108,106,124,114
84,328,Ctrl,10.8,10.7,C,5,0.84,NA,0.642857143,0.76,0.72,0.571428571,0.48,0.6,1,1,1,359.234375,345.4098361,323.5942029,126,112,121,142.9,138.6,153.9,140.3,140.3,138.9,24,4,5,5,14,5,4,5,14,86,98,94,98,95,106,109,102,99,NA,NA,NA,NA,NA,NA,NA,NA,NA
86,401,Exp.,10.97,10,D,5,0.64,0.44,0.428571429,0.52,0.48,0.5,0.76,0.32,0.714285714,0,0,370.0967742,495.6896552,405.1372549,106,110,121,120.6,123.1,127.2,120.2,125.8,116.2,23,3,4,2,9,2,5,5,12,87,100,84,105,115,97,NA,NA,NA,75,89,77,84,105,89,85,94,85
87,404,Exp.,9.03,10,D,3,0.44,0.48,0.357142857,0.72,0.64,0.642857143,0.52,NA,0.714285714,1,1,369.2222222,510.1929825,390.6666667,121,117,133,130,127,130,125,130.6,131.2,25,4,4,4,12,4,3,4,11,79,74,80,98,95,100,99,98,97,NA,NA,NA,NA,NA,NA,NA,NA,NA
88,406,Exp.,9.04,11,D,3,NA,0.6,0.571428571,0.52,0.52,0.571428571,0.68,0.6,0.785714286,1,1,386.74,408.4745763,338.0615385,103,102,104,130,133.4,132.9,120.5,139.1,125.9,26,2,2,0,4,4,3,6,13,89,80,94,117,103,118,108,124,118,NA,NA,NA,NA,NA,NA,NA,NA,NA
89,407,Exp.,11.39,10.3,D,5,0.68,0.64,0.642857143,0.76,0.8,0.642857143,0.68,0.68,NA,1,1,412.4186047,423.3191489,514.2807018,104,112,119,140,141.4,143.5,140.3,127.3,145.5,32,5,5,6,16,0,5,6,11,90,74,94,117,106,108,113,116,113,100,103,95,101,94,95,98,94,86
90,408,Exp.,8.18,10.7,D,3,NA,0.68,0.571428571,NA,0.56,0.785714286,0.6,0.56,0.857142857,2,1,453.1176471,426.9038462,392.9193548,110,119,119,117.5,122.8,122.2,130.6,139.1,138.5,24,3,1,0,4,6,3,4,13,69,72,92,95,100,114,84,86,92,105,84,95,91,96,100,78,91,79
91,409,Exp.,10.32,10,D,5,0.92,0.8,0.428571429,0.8,0.8,0.285714286,1,0.84,0.571428571,0,0,355.3833333,336.6603774,338.5245902,119,133,129,144.6,138.6,141.9,146.5,151.2,143,30,0,2,1,3,2,0,4,6,87,77,77,90,98,99,81,74,68,NA,NA,NA,NA,NA,NA,NA,NA,NA
92,410,Exp.,10.63,10.8,D,5,0.84,0.8,0.642857143,0.72,0.76,0.785714286,0.84,0.88,0.642857143,0,0,476.9264706,447.4461538,426.7536232,109,112,114,131.3,131.3,135.3,133.8,140.3,137.1,31,5,0,4,9,0,4,5,9,98,95,100,108,106,114,117,100,110,114,120,101,102,105,105,95,115,103
93,411,Exp.,8.68,10.7,D,3,0.68,0.48,0.5,0.36,NA,0.5,0.72,0.56,0.214285714,1,1,421.2285714,459.765625,449.0588235,113,120,103,117.5,120.2,123.5,118.5,113,121.3,21,0,0,3,3,5,4,4,13,89,95,86,93,86,92,96,86,97,NA,NA,NA,NA,NA,NA,87,77,97
94,412,Exp.,10.73,10,D,5,0.44,NA,0.285714286,0.36,0.36,0.285714286,0.32,0.76,NA,2,1,327.84375,409.8985507,329.2318841,98,95,96,129,129,127.2,125.8,140.3,132.1,11,0,0,0,0,0,0,1,1,92,95,92,95,98,82,101,98,94,96,108,101,90,100,92,NA,NA,NA
96,415,Ctrl,9.47,10,D,3,0.68,NA,0.642857143,0.72,0.6,0.5,0.68,0.6,0.928571429,1,1,326.9365079,371.1617647,350.2586207,139,116,132,128.5,145.7,140,127.6,134.2,133.3,33,4,3,6,13,5,4,3,12,99,92,94,123,92,112,99,103,99,124,115,119,125,129,120,128,91,108
97,416,Ctrl,10.84,10,D,5,0.76,0.4,0.857142857,0.76,0.76,0.714285714,0.88,0.88,0.785714286,0,0,371.5428571,352.4782609,317.097561,102,98,111,142.9,140,143.5,146.5,146.5,151.8,26,0,4,0,4,6,4,4,14,105,100,110,105,115,116,96,94,114,NA,NA,NA,NA,NA,NA,NA,NA,NA
98,417,Ctrl,10.76,10,D,5,NA,0.24,0.642857143,0.6,0.4,0.928571429,0.72,0.76,0.714285714,1,1,424.2537313,472.75,411.4590164,100,104,100,131.3,141.4,134.1,132.1,137.9,137.1,23,4,5,6,15,5,6,5,16,105,121,108,116,130,129,120,129,124,101,103,105,101,113,114,97,108,100
99,418,Ctrl,8.55,10,D,3,NA,NA,NA,NA,0.6,0.714285714,0.6,0.96,0.428571429,4,1,429.0983607,472.96875,371.2307692,91,81,103,120.2,121.5,127.3,104.3,102,135.7,29,3,5,0,8,4,6,0,10,95,103,100,101,98,102,114,115,100,112,118,116,110,115,112,125,91,105
100,419,Ctrl,10.85,10.3,D,5,0.64,0.64,NA,0.68,0.8,0.571428571,0.6,0.92,0.928571429,1,1,340.0666667,437.2413793,443.0576923,122,110,128,140,140,153.9,135.8,158.7,143,29,0,5,4,9,0,5,4,9,107,109,112,122,109,116,117,113,105,124,126,114,122,118,112,124,103,126
101,420,Ctrl,8.89,10.3,D,3,0.64,0.72,NA,0.72,NA,0.714285714,0.64,0.56,0.642857143,2,1,383.7746479,382.4202899,401.6428571,114,112,106,118.8,116.1,130,120.5,116.6,121.3,20,4,3,3,10,3,5,3,11,87,95,86,89,92,97,98,103,108,NA,NA,NA,NA,NA,NA,NA,NA,NA
102,421,Ctrl,11.33,10,D,5,0.8,0.72,0.857142857,0.96,0.92,0.857142857,0.92,0.92,0.785714286,0,0,324.125,343.8428571,333.4571429,146,129,142,150.6,146.3,179,169,151.2,163.9,32,2,4,5,11,0,4,4,8,96,74,102,108,109,131,113,86,118,128,118,116,128,108,125,121,110,116
103,422,Ctrl,8.78,10,D,3,0.32,0.68,0.5,0.6,0.88,1,0.56,0.64,0.785714286,0,0,438.9032258,383.5254237,378.1818182,133,124,152,131.6,133.4,170,139.1,146.8,141.9,21,4,6,3,13,4,3,5,12,96,95,97,NA,NA,NA,87,80,86,NA,NA,NA,NA,NA,NA,NA,NA,NA
104,423,Ctrl,11.13,10,D,5,0.72,0.72,0.5,0.56,0.48,0.428571429,0.6,0.76,0.714285714,0,0,331.3384615,330.68,344.9830508,96,98,103,136,131.3,145.1,143.1,140.3,133.7,25,5,6,4,15,3,4,5,12,102,92,106,101,106,106,81,88,94,NA,NA,NA,NA,NA,NA,NA,NA,NA
105,424,Ctrl,10.43,11,D,5,0.44,0.56,0.5,0.8,0.76,0.428571429,0.56,0.36,0.214285714,0,0,364.0576923,362.893617,361.0789474,108,111,110,131.3,134.8,128.4,121.6,124.4,132.1,35,0,3,2,5,0,3,2,5,111,98,90,93,89,90,99,100,88,88,96,88,93,98,86,90,98,103
106,425,Ctrl,8.7,10,D,3,0.88,0.68,0.428571429,0.8,0.72,0.285714286,0.48,1,NA,1,1,378.4626866,353.3508772,379.7115385,124,129,119,130,139.6,134.5,146.8,146.8,146.4,28,0,4,2,6,2,5,1,8,114,115,100,114,92,102,98,95,102,NA,NA,NA,NA,NA,NA,NA,NA,NA
107,426,Ctrl,10.91,10.3,D,5,0.84,0.64,0.642857143,0.96,1,0.857142857,0.72,0.8,0.785714286,0,0,360.9491525,414.5,373.6833333,108,105,102,138.6,133.6,137.8,146.5,140.3,127.7,21,4,3,4,11,4,5,4,13,101,100,106,102,106,112,95,102,105,NA,NA,NA,NA,NA,NA,NA,NA,NA
108,427,Ctrl,8.51,10.7,D,3,0.72,0.6,0.857142857,0.96,1,0.785714286,0.8,0.96,1,0,0,360.6571429,345.2714286,361.8873239,129,143,154,135.2,137.3,148.2,122.6,130.6,111.4,29,4,4,5,13,5,4,6,15,99,103,97,99,86,92,104,95,97,128,118,122,127,124,119,117,122,114
109,428,Ctrl,11.19,10,D,5,0.48,0.84,0.357142857,0.64,0.88,0.571428571,1,0.92,0.428571429,0,0,334.6140351,355.1846154,356,125,121,131,142.9,138.6,153.9,151.2,137.9,148.3,26,4,3,3,10,3,3,3,9,105,100,100,113,109,108,84,80,92,119,98,103,125,98,112,112,117,116
110,429,Ctrl,8.58,10,D,3,NA,0.24,0.428571429,NA,0.44,0.357142857,0.48,0.4,0.5,2,1,408.6440678,446.4516129,412.9473684,104,104,105,128.5,122.8,131.4,134.2,139.1,138.5,17,5,4,4,13,1,4,4,9,102,95,108,105,95,102,107,89,112,110,111,109,99,113,103,89,105,97
111,430,Ctrl,10.26,10,D,5,0.92,0.96,0.785714286,0.96,0.96,0.714285714,0.92,1,1,0,0,345.6060606,363.4210526,347.4714286,139,130,121,141.4,144.6,161.7,146.5,146.5,151.8,26,4,5,2,11,0,5,5,10,87,83,95,116,86,112,119,98,116,NA,NA,NA,NA,NA,NA,NA,NA,NA